PMID	PubDate	GitHub_link_clean	Repo_created_at	Repo_updated_at
31971565	2020-10-09	https://github.com/XPHenry/Netfrac/		
26556385	2017-08-17	https://github.com/dieterich-lab/[DCC/		
35099504	2022-11-18	https://github.com/oxpig/structure-vs-folding/		
31510665	2020-06-09	https://github.com/cbg-ethz/predictability\\_of\\_cancer\\_evolution/		
32170933	2020-10-29	https://github.com/qid12/visar/		
31944107	2021-06-17	https://github.com/guofei-tju/tfbs/		
35135612	2022-04-04	https://github.com/PYangLab/scCCESS/		
33714997	2023-02-01	https://github.com/lunching/HCMM_CNVs.and/		
32252628	2020-12-18	https://github.com/uio-bmi/two_step_graph_mapperalong/		
33831109	2021-09-23	https://github.com/usc-sail/mica-music-in-media/		
33759119	2021-04-13	https://github.com/ETHmodlab/scaffold_hopping_whales/		
36713887	2022-12-22	https://github.com/rohdelab/mathematical/		
36804584	2023-03-10	https://github.com/Mark1988NK/NSGAII-CARS-Algorithm/		
30759232	2019-10-28	https://github.com/vpc-ccg/svict.\xa0Contact/		
37010501	2023-04-03	https://github.com/KHP-Informatics/DNAscanv2/		
36525368	2023-01-20	https://github.com/sanger-tol/yahs/		
36788531	2023-02-16	https://github.com/kramerlab/Multi-Omics_analysis/		
35253896	2022-04-25	https://github.com/wanglabtongji/STRIDE/		
31028376	2020-07-01	https://github.com/forrest-lab/scMatch/		
35669063	2022-03-23	https://github.com/bouracha/OoDMotion/		
26392354	2016-07-06	https://github.com/kcakdemir/HiCPlotter/		
34651655	2022-04-07	https://github.com/xialab-ahu/MLBP/		
28092529	2017-01-16	https://github.com/ManiShiyam/Sub-category-classifiersfor-/		
36971393	2023-03-27	https://github.com/1axin/JSNDCMI/		
36579885	2023-01-11	https://github.com/23AIBox/23AIBox-DFinder/		
30418481	2020-06-11	https://github.com/WatsonLab/MAGpy/		
35143604	2023-02-02	https://github.com/meimeiling/DS-SCCA/tree/main/		
33515232	2021-01-30	https://github.com/evolbioinf/furThe/		
29222512	2019-07-10	https://github.com/DohertyLab/ExRANGES/		
35769001	2022-07-20	https://github.com/BMILAB/PolyAtailor/		
36994163	2023-03-21	https://github.com/metrics-lab/surface-vision-transformers/		
35035264	2022-01-08	https://github.com/subro608/thermogram_breast_cancer/		
30592175	2019-07-25	https://github.com/namgillee/CDDforFMRI/		
35413440	2022-06-08	https://github.com/NLPatVCU/multitasking_bert-1/		
37018641	2023-01-10	https://github.com/shidan0122/UMFS.git./		
34550884	2021-09-29	https://github.com/debadityaroy/MM-Transformer_ActAnt/		
34570193	2023-02-02	https://github.com/netrias/rnassist/		
36434954	2022-12-16	https://github.com/Lature-Yang/BASeg/		
33515235	2021-01-30	https://github.com/lanagarmire/Cox-nnet-v2.0/		
33228535	2021-05-14	https://github.com/xjtu-omics/gCAnno/		
34487501	2021-09-06	https://github.com/divelab/lsl-fly/		
27913617	2017-05-30	https://github.com/mperezenciso/sbvb0/		
34406385	2023-02-02	https://github.com/Maize-Genetics-and-Genomics-Database/qTeller/		
30169736	2020-02-12	https://github.com/sysbio-curie/PhysiBoSS/		
36709557	2023-02-22	https://github.com/cistib/vessel-aneurysm-segmentation/		
29860504	2018-11-27	https://github.com/jbelyeu/SV-plauditDemonstration/		
31197317	2020-07-07	https://github.com/LMSE/ident/		
33707935	2020-12-14	https://github.com/oxfordbioelectronics/brain-stim-game/		
36700086	2021-12-01	https://github.com/friendflower94/binning-style/		
34276775	2021-07-02	https://github.com/BabuLab-UofR/TempSpac/		
30192918	2020-02-18	https://github.com/salzmanlab/Equivalent-Junctions/		
35577300	2022-06-14	https://github.com/oist/TER-UCE-DB/		
34541588		https://github.com/bionlproc/text-summ-for-doc-retrieval/		
25159222	2015-05-12	https://github.com/DittmarLab/HGTector/		
29857031	2018-12-11	https://github.com/sys-bio/Libstructural/		
31503285	2020-09-17	https://github.com/OSU-BMBL/QUBIC2/		
32195587	2021-06-17	https://github.com/oxpig/DeLinker/		
31793982	2020-12-23	https://github.com/look0012/circRNA-Disease-association/		
36444655	2022-12-28	https://github.com/HUBioDataLab/DrugApp/		
31609421	2020-09-17	https://github.com/VirusBRC/vipr_mat_peptide/		
31366358	2019-10-25	https://github.com/SJTU-CGM/HUPAN/		
35388017	2022-04-08	https://github.com/jimy2020/Malonylation-site-prediction/		
27153590	2017-08-21	https://github.com/DecodeGenetics/chopBAIContact/		
31423789	2020-09-10	https://github.com/daviddesancho/MasterMSM/		
36436356	2022-12-15	https://github.com/jxw0810/MIB-Net/		
31523183	2020-04-13	https://github.com/ChuangLi99/SWPepNovo/		
31890138	2019-11-26	https://github.com/sysbiomics/-GEM/		
23272111	2013-06-26	https://github.com/PiotrZakrzewski/MetEval/downloads/		
35050855	2022-01-28	https://github.com/sunwj/refsr/		
31870979	2019-12-23	https://github.com/ShuhangGu/GuidedDepthSR/		
35496629	2020-03-23	https://github.com/cj-DaSE/SNFHGILMI/		
36086223	2022-09-13	https://github.com/Ouantimb-Lab/DeiTCovid/		
35817303	2022-07-20	https://github.com/linDing-groups/PSnoD/		
26475107	2016-10-06	https://github.com/dib-lab/SSUsearch/		
34086576	2022-08-10	https://github.com/tastanlab/matchmaker/		
34601570	2021-10-02	https://github.com/nutrimetabolomics/fobitools/		
32183707	2020-06-01	https://github.com/SCUT-CCNL/LCQSand/		
35224614	2022-04-11	https://github.com/ningq669/DTIHNC/		
33200119	2020-09-16	https://github.com/sirimullalab/ncats_covid/		
35452387	2022-05-30	https://github.com/navchetanawasthi/Left_Ventricle_Segmentation/		
29912344	2019-10-22	https://github.com/GuanLab/DREAM-Gene-Essentiality-Challenge/		
33338382	2021-06-17	https://github.com/guomics-lab/batch_server/		
36249560	2022-10-07	https://github.com/zlq-imu/Identification-of-potential-LUND-driver-genes/		
29069317	2018-10-17	https://github.com/yahuang1991polyu/EPLMI/		
33790952	2021-03-15	https://github.com/NENUBioCompute/TMP-SSurface-2.0/		
28049409	2017-08-23	https://github.com/abbyyan3/BhGLM/		
35753591	2022-08-25	https://github.com/19990915fzy/PDSM-LGCN/		
30418906	2018-11-12	https://github.com/TaiXiangJiang/FastDeRain/		
35998331	2022-10-25	https://github.com/wangchenghuidream/RNNMGM/		
36370074	2023-01-03	https://github.com/sys-bio/SBMLDiagrams/		
36377787	2023-01-03	https://github.com/scicompuu/prophaser/		
35030497	2022-03-17	https://github.com/zhaoxj-tech/DFpin/		
30450194	2019-03-06	https://github.com/GauravPandeyLab/LargeGOPred/		
35713588	2020-09-26	https://github.com/JLiangLab/Parts2Whole/		
30759188	2020-06-10	https://github.com/hitbc/rMETL/		
33763518	2021-03-19	https://github.com/LiNCS-lab/usAge/		
34478500	2023-02-02	https://github.com/OPUS-MaLab/opus_x/		
33081832	2021-10-26	https://github.com/Elnitskilab/EpiClass/		
29363427	2018-08-29	https://github.com/Genetalks/wgs_analysis_demo/		
33819146	2021-12-03	https://github.com/lyujian/Improved-Prediction-of-Cognitive-Outcomes/		
29265724	2019-02-12	https://github.com/BatzoglouLabSU/SIMLRGitHub/		
36376928	2022-11-16	https://github.com/ZhaoXM-Lab/metaMIC/		
34687347	2022-02-14	https://github.com/ferchonavarro/anatomy_guided_contrast_c/		
36879200	2023-03-09	https://github.com/monsoro/scEvoNet/		
34396127	2021-05-13	https://github.com/smutaogroup/passerCLI/		
32612757	2020-05-23	https://github.com/mjoppich/sequ-into/		
32813699	2020-09-28	https://github.com/brown-ccv/directoreadr/		
32003785	2020-10-29	https://github.com/binfalse/GEMtractor-a/		
27479078	2017-08-22	https://github.com/norling/metlab/		
37015650	2022-12-30	https://github.com/983632847/WebUAV-3\xa0M/		
34062051	2021-09-17	https://github.com/pephco/quickLD/		
27378303	2017-08-15	https://github.com/hitbc/deBGA/		
31985437	2022-01-21	https://github.com/guofei-tju/Ensemble-classifier-chain-model/		
36625535	2023-01-19	https://github.com/gillichu/sepp/		
31904964	2021-06-17	https://github.com/ETHmodlab/BIMODAL/		
34169324	2022-03-11	https://github.com/cusdulab/MLSF/		
36741395	2023-02-07	https://github.com/louzounlab/CountingIsAlmostAllYouNeed/		
31790679	2021-06-21	https://github.com/regulomics/expansion-network/		
30199639	2019-10-11	https://github.com/JelfsMaterialsGroup/pywindow/		
29982288	2019-10-24	https://github.com/ddamerell53/SATurn/		
31888454	2020-05-06	https://github.com/daifengwanglab/ManiNetCluster/		
33595622	2023-02-01	https://github.com/BMEngineeR/IRISFGM/		
30192920	2020-02-18	https://github.com/qiaseq/qiaseq-dna/		
29758091	2019-01-25	https://github.com/spawaskar-cora/z-transform-method/		
33851145		https://github.com/Licheng-Guo/AutoBridge/		
32857695	2020-08-28	https://github.com/avalonstrel/DSN/		
32311467	2021-02-22	https://github.com/CAIsr/LASHiS/		
31851311	2020-10-09	https://github.com/systemsmedicine/PDE_params/		
34881010	2021-10-25	https://github.com/oxpig/DEVELOP/		
34386268		https://github.com/usnistgov/nn-calculator/		
30601936	2020-06-17	https://github.com/USTCHIlab/DeepPhos/		
36641473	2023-01-14	https://github.com/grzsko/ASAP/		
35529153	2019-10-16	https://github.com/ghli16/NNCPCD/		
36581214	2023-01-31	https://github.com/uwmri/QVT/		
33274051	2020-10-12	https://github.com/ecomontec/ecoSound-web/		
29954318	2019-02-14	https://github.com/sorgerlab/famplex/		
33175838	2021-01-29	https://github.com/ciceklab/HRMAS_NC/		
29950010	2019-07-26	https://github.com/CostelloLab/GSEA-InContext/		
35176153	2022-03-31	https://github.com/xjtu-omics/IAGS/		
35446776	2022-08-15	https://github.com/alongsong/3D_CAS/		
23630176	2013-12-17	https://github.com/afgane/bioblend/		
34284119	2021-08-13	https://github.com/bionlproc/BERT-CRel-Embeddings/		
32386162	2022-01-26	"https://github.com/yushanqiu/yushan.qiu-szu.edu.cn""/"		
36622500	2023-01-09	https://github.com/AMYPAD/NiftyPAD/		
30137284	2018-11-26	https://github.com/afergadis/BC6PM-HRNN/		
35561159	2022-05-17	https://github.com/leklab/mito_visualize/		
31095270	2020-07-01	https://github.com/alexxijielu/yeast_segmentation/		
32523325	2018-06-14	https://github.com/kdoub5ha/ITR.Forest/		
35804320	2022-07-12	https://github.com/karubiotools/getSequenceInfo/		
31653243	2020-02-26	https://github.com/kuijjerlab/lionessR/		
31141124	2020-06-30	https://github.com/Wrede/mio/		
29293920	2019-07-12	https://github.com/vishrawas/Medline-Code_v2/		
35136916	2022-04-11	https://github.com/sinc-lab/anc2vec/		
36279331	2022-10-24	https://github.com/W1AE/Retraining/		
31830916	2020-02-20	https://github.com/yigbt/uap/		
36531573	2022-07-12	https://github.com/uw-biomedical-ml/AMD_environmental_dataset/		
36610709	2023-01-10	https://github.com/Zhangxf-ccnu/EnDecon/		
35832633	2022-06-20	https://github.com/zang-lab/epics/		
37023229	2023-04-06	https://github.com/CBRC-lab/DrugRep-KG/		
32413030	2020-07-20	https://github.com/Sarahyouzi/iterb-PPse/		
31070726	2020-07-01	https://github.com/sorgerlab/indra_pathway_map/		
35285473	2022-05-09	https://github.com/hakangunturkun/GeneCup/		
36071071	2022-09-09	https://github.com/csbioinfopk/enpred/		
35945147	2022-09-26	https://github.com/VafaeeLab/bloodbased-pancancer-diagnosis/		
32780800	2021-06-08	https://github.com/MolBIFFM/vplg/		
36000898	2022-10-18	https://github.com/liuxuan666/HypergraphSynergy/		
34754797	2021-09-24	https://github.com/yuerongz/SRR-method.•The/		
36433795	2022-11-26	https://github.com/Tian-lab/IGMedSeg/		
26500705	2015-10-27	https://github.com/lhm30/PIDGIN.Graphical/		
34230965	2022-03-30	https://github.com/Zheng-Lab-Westlake/Osteo-Fine-Mapp-SNP2SE2miRNA/		
31214684	2020-08-28	https://github.com/ChongLab/MRLR/		
32941419	2020-10-07	https://github.com/EESI/ISM/		
32795966	2021-06-24	https://github.com/CapsuleEndoscope/EndoL2H/		
37015620	2022-12-28	https://github.com/lijincm/CoCa/		
23987304	2013-11-15	https://github.com/celery-kotone/GEMBASSY/		
35767510	2022-10-31	https://github.com/lzh19961031/PDCR_UAFR-MIShttps/		
36692152	2023-02-07	https://github.com/esbgkannan/phosformer/		
34330122	2021-11-09	https://github.com/lc82111/crossModalNet/		
32941613	2021-06-08	https://github.com/arnavm/eg-react/		
34197462	2021-11-01	https://github.com/nutrimetabolomics/POMAShiny/		
29037244	2018-06-18	https://github.com/yahuang1991/NGRHMDA/		
35671653	2022-07-13	https://github.com/lauromoraes/CapsNet-promoter/		
31342157	2020-02-24	https://github.com/brainlife/Vertical_Tracts/		
34379594	2022-10-12	https://github.com/guofei-tju/DeepFusionDTA/		
35896914	2022-09-13	https://github.com/Jorebs/Deep-learning-based-instrument-detection-for-intra/		
29790907	2019-10-02	https://github.com/BostonUniversityCBMS/glycresoft/		
24470571	2014-08-15	https://github.com/NicolasOury/KaSimJS/		
34241589	2022-01-18	https://github.com/Genome-Evolution-and-Ecology-Group-GEEG/DiSCo/		
33187537	2021-05-14	https://github.com/CUMTzackGit/DLDTI/		
33347570	2021-10-25	https://github.com/slzarate/parliament2/		
33844699	2021-09-23	https://github.com/QE-Lab/QuASeR/		
33636485	2021-06-03	https://github.com/xiezheng-cs/AFAhttps/		
31634636	2020-07-22	https://github.com/mutwil/LSTrAP-Lite/		
34601583	2021-10-02	https://github.com/ComputBiol-IBB/CNN-PepPred/		
26568629	2017-08-04	https://github.com/ypriverol/pIRSupplementary/		
30188119	2019-04-05	https://github.com/anasilviacs/sm-engine/		
34196686	2021-07-01	https://github.com/TongjiZhanglab/CStreet/		
27490490	2017-08-23	https://github.com/pbnjay/lollipops/		
37000175	2023-03-30	https://github.com/wanglabtongji/SCREE/		
32356764	2021-09-24	https://github.com/wzhangwhu/SCCLRR/		
36155797	2022-12-20	https://github.com/wanglabtongji/SCRIP/		
36736370	2023-03-21	https://github.com/kansil/ProFAB/		
34760328	2021-09-14	https://github.com/schuefflerlab/openseadragon/		
30954476	2020-07-03	https://github.com/AllonKleinLab/scrublet/		
26995218	2016-12-13	https://github.com/mperezenciso/ms2gs/		
36388152	2022-11-10	https://github.com/YeoLab/Metadensity/		
35271451	2022-03-10	https://github.com/GXYM/KPN/		
34622551	2022-03-04	https://github.com/dudwojae/SMILES-MaskGAN/		
36472455	2023-01-10	https://github.com/tbilab/associationsubgraphs/		
33031552	2021-08-09	https://github.com/daifengwanglab/Varmole/		
28977511	2017-12-04	https://github.com/younglululu/Hetero-RP]/		
29994639	2018-02-15	https://github.com/USTC-HIlab/MDNNMD/		
36943334	2023-03-21	https://github.com/SchlitzerLab/IntestLine/		
27708565	2016-09-21	https://github.com/artipago/Non-parametric-algorithm-to-isolate-chunks-in-response-sequences/		
28369195	2018-03-26	https://github.com/WeijiaZhang24/SurvivalCausalTree/		
35035263	2022-01-08	https://github.com/95sayanta/COVID-19-and-Cyberbullying]/		
33892388	2021-10-25	https://github.com/SuJie-Med/hematolgical-disorders/		
28841835	2017-10-02	https://github.com/Singh-Lab/Differential-Mutation-Analysis/		
26568628	2017-08-02	https://github.com/HIT-Bioinformatics/rHAT/		
34310328	2022-03-14	https://github.com/wzhangwhu/NMFLRR_code/		
32750838	2021-12-08	https://github.com/hanna-xu/RoadScene/		
35366467	2022-05-19	https://github.com/idrblab/PFmulDL/		
32101277	2020-10-29	https://github.com/prody/rhapsody/		
32418354	2021-08-31	https://github.com/Roestlab/DrawAlignR/		
28365743	2017-11-20	https://github.com/KHP-Informatics/NapEasy/		
26092860	2016-05-10	https://github.com/keleslab/atSNP/		
33999820	2021-05-21	https://github.com/sunsmarterjie/SDL-Skeletongithub.com/sunsmarterjie/SDL-Skeleton/		
30566647	2019-08-23	https://github.com/CenterForMedicalGeneticsGhent/WisecondorX/		
29994455	2021-04-26	https://github.com/Jane110111107/IsoTree/		
34061735	2022-08-04	https://github.com/ppliuboy/DistillFlow/		
35099535	2022-11-18	https://github.com/oxpig/ABlooper/		
28950836	2018-01-08	https://github.com/duoduoo/VCFtoTree_3.0.0/		
33602549	2021-04-23	https://github.com/ArsoVukicevic/OpenMandible/		
30096133	2019-01-14	https://github.com/WheelerLab/DivPop/		
29040602	2017-10-05	https://github.com/MRCIEU/PHESANT]/		
34122498	2021-05-28	https://github.com/BiodataAnalysisGroup/kmerAnalyzer/		
36112561	2022-09-22	https://github.com/OIPLab-DUT/ESCNet/		
29931043	2019-10-21	https://github.com/jmasison/SpringSaLaD/		
36268536	2022-09-27	https://github.com/vsingh-group/DatasetPooling/		
35157026	2023-02-02	https://github.com/EESI/MetaMutationalSigs/		
34530155	2022-03-21	https://github.com/mortonjt/songbird/		
29967471	2019-11-14	https://github.com/RamanLab/metquest/		
35639662	2022-11-14	https://github.com/HuanLab/MAFFIN/		
36579134		https://github.com/JLiangLab/CAiD/		
34991450	2022-01-10	https://github.com/icanforce/lerna-genomics/		
34009299	2021-05-19	https://github.com/JiuxingLiang/DeepEBV.gitSupplementary/		
32176694	2020-06-29	https://github.com/ELELAB/CAncer-bioMarker-Prediction-Pipeline/		
34731471	2021-11-24	https://github.com/ETHmodlab/de_novo_design_RNN/		
24675810	2014-11-12	https://github.com/armintoepfer/haploclique/		
36244303	2022-09-30	https://github.com/TangChaosheng/NSCGCN/		
36785731	2021-06-29	https://github.com/sermeor/The-Analysis-Kid/		
26679379	2016-09-19	https://github.com/chengkun-wu/PWTEES/		
31937236	2020-03-18	https://github.com/LokmaneChebouba/key-pipeand/		
29763731	2019-12-30	https://github.com/nauenlab/TraC/		
31403410	2021-03-04	https://github.com/CaptainWilliam/MTMR-NET/		
35775965	2022-11-14	https://github.com/FudanDISC/DISCOpen-MedBox-DialoDiagnosis/		
24034598	2014-07-25	https://github.com/Atticus29/HeFPipe_rpos/		
33973997	2021-05-10	https://github.com/MaidiL/MANIEA/		
33416851	2021-01-08	https://github.com/ncbi-nlp/bert_gt/		
34220823	2021-10-26	https://github.com/louzounlab/microbiome/tree/master/Preprocess/		
34244720	2023-02-02	https://github.com/BMBGenomics/BtToxin_Digger/		
27153653	2017-08-02	https://github.com/SchulzLab/KREATIONSupplementary/		
31794006	2020-09-16	https://github.com/yinlabniu/eCAMI/		
29752479		https://github.com/hakyimlab/S-PrediXcan/		
29634719	2018-06-18	https://github.com/lanagarmire/cox-nnet/		
29850860	2019-10-16	https://github.com/abbyyan3/BhGLM/		
29994594	2018-02-27	https://github.com/shenjianbing/submodulartrack/		
33902725	2020-05-18	https://github.com/bwemheu/Tax4Fun2/		
31888660	2020-05-22	https://github.com/sysbiomed/AliClu/		
33964128	2021-05-08	https://github.com/alevar/tiebrush/		
34183122	2021-07-02	https://github.com/AmeresLab/3-GAmES/		
34529576	2021-09-16	https://github.com/jn-z/DPSNet/		
32805016	2021-04-28	https://github.com/FeifeiXiaoUSC/LDcnv/		
35846154	2022-06-30	https://github.com/pmglab/RNA-SSNV/		
34550967	2021-12-03	https://github.com/EESI/sequence_attention/		
28152981	2017-08-18	https://github.com/esbg/kinconform/		
35645759	2022-05-13	https://github.com/InceptioResearch/IITS/		
35657711	2022-06-15	https://github.com/HuanLab/ABCstats/		
36648328	2023-01-25	https://github.com/lh3/miniport/		
33532838	2021-02-03	https://github.com/oxpig/DeepCoy/		
34362386	2022-01-10	https://github.com/m4ln/stainTransfer_CycleGAN_pytorch/		
36284674	2022-09-01	https://github.com/seqscope/STtools/		
32105316	2020-10-29	https://github.com/diazlab/ELSA/		
34142828	2021-07-13	https://github.com/lmmpf/PyAutoFEP/		
31830259	2020-09-16	https://github.com/PersonalizedOncology/ClinVAP/		
29509844	2019-09-11	https://github.com/Jialab-UCR/GDCRNATools/		
30500872	2020-06-11	https://github.com/IME-TMP-FFM/dbtORA/		
36637201	2023-01-18	https://github.com/heiniglab/DeepSom/		
28077564	2017-11-20	https://github.com/galaxyproject/blend4phpDatabase/		
36909428	2023-02-23	https://github.com/AWANWY/EADD-YOLO/		
28398467	2018-03-29	https://github.com/SpatialTranscriptomicsResearch/st_pipeline/		
31972019	2020-10-07	https://github.com/Mangul-Lab-USC/telescope/		
31262247	2019-08-15	https://github.com/iochoa/MassComp/		
30875427	2019-12-31	https://github.com/SpatialTranscriptomicsResearch/st_viewer/		
33003206	2021-11-18	https://github.com/Cuteu/SMSC/		
36129860	2022-10-13	https://github.com/tanveer-hussain/DFAN/		
36070252	2022-09-09	https://github.com/JoanaPissarra/SILVI2020/		
27153586	2017-08-21	https://github.com/metagenomics/MeCorS/		
31848038	2021-10-28	https://github.com/tjrantal/pQCT/		
37000949	2023-03-31	https://github.com/Thakar-Lab/mBONITA/		
30544729	2019-02-12	https://github.com/YosvanyLopez/SumSec/		
34546288	2023-02-02	https://github.com/oxpig/dlab-public/		
29994408	2020-01-03	https://github.com/KDDing/EPSDC/		
35663412	2022-06-01	https://github.com/WormBase/genomic-info-from-papers/		
30342520	2019-07-25	https://github.com/vkozareva/geneCNV/		
26093150	2016-05-10	https://github.com/brinkmanlab/GenomeD3Plot/		
33230549	2021-11-19	https://github.com/xiaoyulu95/SSMD/		
27835642	2017-05-09	https://github.com/hakyimlab/PrediXcan/		
30572828	2019-02-01	https://github.com/harvardinformatics/NGmerge/		
27382152	2017-07-24	https://github.com/MicrosoftGenomics/FaST-LMM/		
31950985	2020-10-09	https://github.com/Greco-Lab/BMDx/		
35703937	2022-11-14	https://github.com/RNApolis/drawtetrado/		
31350559	2020-09-17	https://github.com/viro-tls/THETA/		
34335711	2021-08-03	https://github.com/sunburst792/SMCC-method/tree/master/		
31053060	2019-06-17	https://github.com/jengelmann/FastqPuri/		
35323892	2022-05-23	https://github.com/ShengPengYu/KDFGMDA/		
32227194	2020-12-23	https://github.com/shilab/parEBEN/		
32061125	2020-10-29	https://github.com/thesgc/MichelaNGLo/		
33895616	2021-06-25	https://github.com/CityU-AIM-Group/ConsolidatedPolypDA/		
31063394	2020-08-13	https://github.com/cimm-kzn/CGRtools/		
37015383	2022-12-22	https://github.com/chenzhe207/DPL-SCSR/		
23365411	2013-09-20	https://github.com/SimTk/msmexplorer/		
33251081	2020-10-26	https://github.com/HuidongXie/DEER/		
34892526	2022-01-04	https://github.com/MultimodalNeuroimagingLab/mnl_seegviewClinical/		
33395989	2021-06-25	https://github.com/omarallouz/JCnet/		
29292031	2018-08-13	https://github.com/ih-_lab/CNN_Smoothie/		
34430072	2021-08-04	https://github.com/csbioinfopk/iSumoK-PseAAC/		
30753436	2021-11-25	https://github.com/jewellsean/FastLZeroSpikeInference/		
29994416	2018-07-02	https://github.com/shenjianbing/StereoSeg/		
32210056	2021-03-05	https://github.com/lab7arriam/cry_processor/		
36623451	2023-02-07	https://github.com/lijixing0425/SCCNet/		
35731773	2023-02-03	https://github.com/mahaichuan/ReWaGAN/		
36698762	2022-11-21	https://github.com/bonsai-team/Porechop_ABI/		
33381844	2021-03-08	https://github.com/longyahui/EGATMDA/		
36857576	2023-03-20	https://github.com/pylelab/RSCanner/		
35085334	2022-02-21	https://github.com/sivaramakrishnan-rajaraman/Model_calibration/		
35191481	2022-11-14	https://github.com/gifford-lab/seqgra/		
30993316	2020-07-01	https://github.com/XuegongLab/D2R_codes/		
31985775	2020-10-09	https://github.com/zhang-de-lab/zhang-lab?/		
29330416	2018-11-20	https://github.com/LooseLab/iterassemble/		
35749381	2022-06-28	https://github.com/Labevo/MicNetToolbox/		
24647222	2014-12-23	https://github.com/gedankenstuecke/snpr/		
27842059	2017-06-20	https://github.com/alexandrovteam/pySM/		
37015122	2023-03-29	https://github.com/DeepMCQ/DeepQ/		
32777813	2021-05-20	https://github.com/jgans/thermonucleotide/		
26961692	2016-10-18	https://github.com/maxconway/SNFtool/		
24876377	2014-11-14	https://github.com/topsoil/patternCNV/		
29590309	2019-09-30	https://github.com/bionlproc/adversarial-relation-classification/		
33594415	2021-11-24	https://github.com/Shantanu48114860/DPN-SAz/		
32525207	2021-07-05	https://github.com/qi29/main_/		
34274894	2021-09-13	https://github.com/v4yuezi/AGTAR/		
34406954	2023-04-05	https://github.com/OIPLab-DUT/IEEE-TCYB-PANet/		
28130232	2018-03-26	https://github.com/student-t/Anaquin/		
31011536	2019-04-04	https://github.com/lmse/impact/		
36846560	2022-05-26	https://github.com/louzounlab/CLAIRE/		
36383500	2022-07-09	https://github.com/balbasty/superwarp/		
24657354	2015-01-12	https://github.com/pipitone/MAGeTbrain/		
31410856	2021-03-31	https://github.com/azevedolab/taba/		
29722882	2019-10-21	https://github.com/ogotoh/fitild.git/		
32764847	2019-12-03	https://github.com/luntergroup/IOEM/		
36253792	2022-10-19	https://github.com/wanglabtongji/CCI/		
32152349	2020-11-23	https://github.com/LiuLab-CSRC/NePre/		
32853330	2021-06-03	https://github.com/innate2adaptive/Decombinator/		
29718118	2019-10-02	https://github.com/aidantee/D3NER/		
36134032	2022-09-05	https://github.com/cuntjx/bioInfo/		
35947011	2022-08-10	https://github.com/BioInfoTools/BBMapBBMap\xa0-\xa0Bushnell\xa0B.\xa0-\xa0sourceforge.net/projects/bbmap/		
28881971	2018-05-23	https://github.com/yoheirosen/vg/		
30779739	2019-03-12	https://github.com/ChengF-Lab/COAC/		
36941114	2023-03-20	https://github.com/idrblab/socube/		
31943015	2021-04-27	https://github.com/amergin/epimetal]/		
32109272	2021-08-18	https://github.com/neuroanatomy/genomic-architecture/		
32878627	2020-09-15	https://github.com/owid/covi-19-data/tree/master/public/data/		
26248314	2016-05-06	https://github.com/chunbaozhou/gPGA/		
28269829	2017-07-17	https://github.com/SBU-BMI/imageboxs/		
25135245	2015-01-22	https://github.com/apcdr/questionnaire/		
33744973	2021-05-12	https://github.com/mlcb-thu/MASS/		
31764961	2020-09-16	https://github.com/pinellolab/CRISPRitzhttps/		
30403647	2018-11-05	https://github.com/shenjianbing/text-image-deblur/		
28172557	2018-08-10	https://github.com/XingjianXu/cloudphylo/		
29993710	2018-05-25	https://github.com/shenjianbing/DeepCropping/		
35561198	2022-05-17	https://github.com/qjxjy123/DonRabbit/		
33152602	2021-06-23	https://github.com/ai-med/Dataset-Bias/		
34586372	2022-04-06	https://github.com/ouyang-lab/DIMER/		
32416316	2021-06-18	https://github.com/miaecle/PB-net/		
29790909	2019-10-17	https://github.com/EpistasisLab/ebic/		
32188846	2020-07-27	https://github.com/tbenavi1/genomescope2.0/		
32838738	2020-10-02	https://github.com/BioinfoUNIBA/REDItools2/		
31856811	2020-08-04	https://github.com/hitbc/deBGA-VARA/		
24928211	2014-11-21	https://github.com/afgane/bioblend/		
30873528	2020-07-01	https://github.com/HongjianLi/MLSF/		
27587685	2017-07-31	https://github.com/hzi-bifo/snowball/		
34928392	2022-02-17	https://github.com/KejiZhaoLab/cLoops2/		
29036374	2018-07-27	https://github.com/KlugerLab/deepcytof/		
32730562	2021-04-28	https://github.com/systemsmedicine/Antibody_cross-reaction_dynamics/		
26679347	2016-06-28	https://github.com/ilyalab/CloudForest/		
31904823	2020-10-09	https://github.com/sbgn/cd2sbgnml/		
33719168	2021-07-22	https://github.com/ih-lab/AI-biopsy/		
28073756	2017-05-29	https://github.com/innate2adaptive/Decombinator/		
28038834	2018-01-12	https://github.com/CINA/zorro/		
34527200	2021-08-31	https://github.com/454170054/EMCBOW-GPCR/		
32883297	2020-12-14	https://github.com/NIHFAB/NMES/		
32069281	2020-05-06	https://github.com/oxpig/saab_plus/		
32031934	2020-02-06	https://github.com/ai-med/squeezeandexcitation/		
31796388	2021-04-01	https://github.com/shenjianbing/dqltracking/		
36271868	2022-12-16	https://github.com/lichen-lab/DeepPerVar/		
29036573	2018-08-10	https://github.com/MICommunity/ComplexViewer/		
28482046	2018-03-26	https://github.com/hitbc/rMFilter/		
27087308	2017-01-05	https://github.com/SuLab/crowd_cid_relexDatabase/		
30649199	2020-06-17	https://github.com/EpistasisLab/ebic/		
32283553	2021-02-01	https://github.com/SuLab/ngly1-graph/		
32094195	2020-07-13	https://github.com/VahediLab/epiVIA/		
36198065	2022-11-23	https://github.com/idrblab/ncRNAInter/		
34122513	2021-05-28	https://github.com/BiodataAnalysisGroup/UMIc/		
35964322	2022-08-16	https://github.com/LimoninaDaria/Sub-family-Specific-Sidechain-Orientations/		
35580514	2022-06-16	https://github.com/zhuangcheng31/MLG_Face.git/		
29931282	2019-10-21	https://github.com/kodicollins/pasta/		
26656567	2017-08-17	https://github.com/ErasmusMC-Bioinformatics/fuma/		
35664040	2022-05-18	https://github.com/sgbaird-5dof/interp.•Barycentric/		
30440487	2019-09-25	https://github.com/chenyzstju/ctc_screening_cnn/		
29352257	2018-11-27	https://github.com/kouroshz/creNethttps/		
35662467	2022-06-08	https://github.com/CMD-Oxford/Michelanglo-and-Venus/		
32597959	2021-03-03	https://github.com/adbailey4/nanopolish/tree/cigar_output/		
35561197	2022-05-17	https://github.com/htseq/htseq/		
36699404	2022-08-18	https://github.com/jdeweeselab/psicalc-package/		
34021744	2021-05-22	https://github.com/sparks-lab-org/RNAcmap_standalone/		
34492010	2021-10-18	https://github.com/cdcgov/microbetrace/		
34999162	2022-03-21	https://github.com/MASILab/SLANTbrainSeg_skullstripped/		
27307614	2017-07-31	https://github.com/hitbc/deBWT/		
34650190	2021-10-28	https://github.com/beringresearch/bravecx-covid/		
36219665	2022-10-11	https://github.com/WenbinLee/DefensiveFSL/		
35695771	2022-11-14	https://github.com/hyl317/hapROH/		
28066816	2016-12-27	https://github.com/hzi-bifo/traitar/		
34131182	2021-10-26	https://github.com/BML-cbnu/TRACS/		
34888352	2021-11-15	https://github.com/sysbio-curie/WebMaBoSS/		
36993547	2023-03-16	https://github.com/jonescompneurolab/SpectralEvents/		
29659705	2019-09-23	https://github.com/Limpfrog/irscope/		
36525892	2023-01-09	https://github.com/kdaeho27/CT-Loc/		
36495179	2023-01-10	https://github.com/lichen-lab/DeepPHiC/		
32131723	2020-05-04	https://github.com/galaxyproject/dunovo/		
32649284	2021-10-12	https://github.com/Dawnstar8411/SMAR-Net/		
22151646	2012-08-03	https://github.com/putnamlab/dcj-c/		
30816925	2019-12-31	https://github.com/LupienLabOrganization/C3D/		
27667793	2017-11-22	https://github.com/hitbc/LAMSA/		
31536029	2019-09-12	https://github.com/shenjianbing/HASN/		
36619138	2023-01-03	https://github.com/drmuskangarg/mentalhealthcare/		
32983088	2021-04-19	https://github.com/louzounlab/ERGO/		
35578654	2022-05-12	https://github.com/RespectKnowledge/Mutiscale-based-Covid-_segmentation-usingDeep-Learning-models/		
35969571	2022-08-16	https://github.com/WJJLL/Meta-Attack-Defensehttps/		
35669347	2022-05-23	https://github.com/BabuLab-UofR/HPiP/		
36707993	2023-02-07	https://github.com/lichen-lab/TIVAN-indel/		
26382197	2016-08-01	https://github.com/TGAC/NanoOK/		
36037049	2021-03-27	https://github.com/shu-hai/two-stage-VAE-Attention-gate-BraTS2020/		
35639705	2022-11-14	https://github.com/JaneJiayiDong/scPreGAN/		
26001643	2016-08-08	https://github.com/bbci/wyrm/		
25093067	2014-08-05	https://github.com/ninjin/simsem/		
30371734	2020-06-09	https://github.com/chr1swallace/simGWAS/		
33691015	2021-04-21	https://github.com/Huan-glab/AeQTL/		
29463808	2019-09-16	https://github.com/USTC-HIlab/HNMDRP/		
36528809	2023-01-23	https://github.com/zhaoxs686/MCHNLDA/		
28066488	2016-12-23	https://github.com/BeaconProjectAtVirginiaTech/beacon_network_inference/		
29092025	2018-11-14	https://github.com/Devika1/capsim/		
30295744	2020-05-18	https://github.com/Gu-Lab-RBL-NCI/QuagmiR/		
34048986	2021-09-16	https://github.com/Sharon1989Sunny/_FPDock_/		
33903689	2021-10-19	https://github.com/ywflow/BubMask/		
28854978	2017-10-02	https://github.com/zhanglabstjude/neoepitope/		
30821318	2020-06-09	https://github.com/Logic09/SW-Tandem/		
34197087	2021-07-21	https://github.com/MetaSys-LISBP/IsoSolve/		
31315562	2019-09-13	https://github.com/LogicZY/MCtandem/		
30878356	2020-05-15	https://github.com/idekerlab/ddot/		
27288492	2017-08-15	https://github.com/nanakiksc/zerone/		
27884106	2017-07-18	https://github.com/mills-lab/spectreok/		
28089956	2018-02-12	https://github.com/jtextor/dagitty]/		
30239680	2018-11-26	https://github.com/bionlproc/biocppi_extraction/		
30235130	2018-09-18	https://github.com/lingxiao-he/dfm/		
32123556	2020-02-12	https://github.com/Peppags/C_RNNCrispr/		
27504009	2017-11-20	https://github.com/TCRNBioinformatics/DiseaseExtract/		
34954787	2023-02-02	https://github.com/SIGNORcysAPP/signor-app/		
36478036	2023-01-10	https://github.com/sys-bio/roadrunner/		
35239482	2022-03-15	https://github.com/tocaiqing/TDPN/		
32572768	2021-09-17	https://github.com/JinmiaoS/AC-Caps/		
33703998	2022-09-13	https://github.com/bengeof/Target2DeNovoDrugCommunicated/		
35801913	2022-11-14	https://github.com/kansil/SLPred/		
31397851	2020-09-17	https://github.com/yahuang1991polyu/GCMDR/		
28267312	2019-02-06	https://github.com/rappsilberlab/xiFDR/		
33245108	2021-07-15	https://github.com/Baxelyne/SpanBioER/		
31319888	2019-12-30	https://github.com/schultzelab/Shiny-Seq/		
30020406	2019-11-04	https://github.com/bioinsilico/BIPSPI/		
36785708	2023-02-15	https://github.com/EESI/Complet-Plus/		
35060608	2023-02-02	https://github.com/Gaius-Augustus/clamsa/		
27307641	2017-07-31	https://github.com/compgenomics/MeTPeak/		
35850048	2022-08-09	https://github.com/Geehome/minimapR/		
36950142	2022-11-30	https://github.com/drbergman/PhysiPKPD/		
36403184	2023-01-23	https://github.com/Luo-SynBioLab/IPPF-FE/		
22689644	2012-12-12	https://github.com/quwubin/MFEprimer/wiki/Manual/		
30768159	2019-02-15	https://github.com/MicrosoftGenomics/Dhaka/		
33609108	2021-02-20	https://github.com/longyahui/GCATSL/		
32458976	2021-02-18	https://github.com/xmuyulab/samtools/		
27587659	2017-07-31	https://github.com/IlyaLab/CombiningDependentPvalues/		
31681437	2019-10-17	https://github.com/shahnidhi/outlier_in_BLAST_hits]/		
33156786	2021-06-28	https://github.com/vios-s/multimodal_segmentation/		
30247770		https://github.com/supramolecular-toolkit/stk/		
30307536	2020-05-15	https://github.com/yuzhimanhua/lm-lstm-crf/		
33981483	2021-04-26	https://github.com/regulomics/HiCEnterprise/		
35299085	2022-03-24	https://github.com/ICDS-vubUZ/gsd-designer/		
28714590	2018-01-30	https://github.com/jasonzyx/aSPC/		
36000859	2022-10-18	https://github.com/BIRDSgroup/BioEmbedS/		
29298299	2018-02-06	https://github.com/buckleylab/HTSSIP/		
29741719	2019-08-06	https://github.com/Rappsilber-Laboratory/xiSPEC/		
35853071	2022-12-06	https://github.com/CityU-AIM-Group/PRR-Imbalancehttps/		
27587663	2017-07-31	https://github.com/YakhiniGroup/MULSEAContact/		
34214079	2021-11-01	https://github.com/BrooksLabUCSC/eVIP2/		
32725163	2021-11-22	https://github.com/yahuilong/GATMDA/		
27153637	2017-08-10	https://github.com/diazlab/SCellSupplementary/		
32493396	2021-04-01	https://github.com/Carldeboer/MAUDE/		
32049324	2021-04-26	https://github.com/baharpan/cosmo/tree/LueVari/		
29617963	2019-01-01	https://github.com/zhanglabNKU/DASC/		
30084956	2019-11-04	https://github.com/RoysamLab/TIMING2/		
31056509	2022-01-24	https://github.com/hitbc/deGSM/		
34459713	2022-12-23	https://github.com/Wang-Jinyue/M6A-GSMS.Communicated/		
34178986	2021-06-11	https://github.com/huawang123/VC-Net/		
32293263	2020-06-08	https://github.com/bokhariy/QuaDMutNetExunder/		
27667790	2017-12-07	https://github.com/muhammadshoaib/cmapperContact/		
31800243	2021-02-09	https://github.com/biomed-AI/SPROF/		
33367504	2020-12-26	https://github.com/networkbiolab/atlas/		
27480660	2017-04-03	https://github.com/mojaveazure/angsd-wrapper/		
31511299	2020-03-30	https://github.com/JuliaPalacios/phylodyn/		
35188891	2022-02-25	https://github.com/ChangTang/HCP-IMSC/		
36824790	2023-02-15	https://github.com/cns-iu/ccf-organ-vr-gallery#readme/		
36631405	2023-01-23	https://github.com/esbgkannan/kibby/		
36063528	2022-09-05	https://github.com/ASU-ESIC-FAN-Lab/Dynamic-inference/		
31233136	2020-08-28	https://github.com/Greco-Lab/MaNGA/		
33631424	2022-06-03	https://github.com/mlcb-thu/PULSE/		
32312293	2021-02-23	https://github.com/tanlabcode/scATAC-pro/		
32717050	2021-04-28	https://github.com/hallamlab/HivePanelExplorer/		
26527850	2015-11-03	https://github.com/NFMC/SynRio/		
36217239	2022-11-01	https://github.com/HongzhouTang/BayeStab/		
34415528	2022-01-11	https://github.com/koszullab/hicstuff/		
31714232	2022-01-03	https://github.com/KDDing/ISDCSMP/		
27663498	2017-12-07	https://github.com/ccshao/nimfa/		
36818728	2023-01-30	https://github.com/gillichu/PLUSplacer-taxtastic/		
33492672	2021-09-14	https://github.com/SBIMB/StellarPGx/		
28961721	2018-09-11	https://github.com/mcveanlab/DEploid/		
28968779		https://github.com/XIAO-HN/GRNMF/		
26191646	2016-04-21	https://github.com/RWalecki/ATMA/		
36535036	2023-01-19	https://github.com/osmanberke/Ensemble-of-DNNs.Our/		
32291732	2021-01-08	https://github.com/dmirman/gazer/		
27742697	2017-10-18	https://github.com/NovembreLab/ggv/		
34481183	2021-10-11	https://github.com/Farman335/iAtbP-Hyb-EnC/		
31946144	2020-03-12	https://github.com/aametwally/MC/		
35873651	2022-07-20	https://github.com/TanikSaikh/Scientific-Question-Answering/		
34871374	2023-02-02	https://github.com/sysbio-curie/schubness/		
29267855	2018-11-19	https://github.com/BGI-SZ/BSVF/		
34478499	2021-11-25	https://github.com/ProteinEngineering-PESB2/peptipedia/		
36722204	2023-02-02	https://github.com/SR-Martin/metacortex/		
23816174	2014-02-04	https://github.com/dilanustek/ExonSuite/		
36655786	2023-02-02	https://github.com/ViennaRNA/drtransformer/		
35669345	2022-05-06	https://github.com/Benjamin-Vincent-Lab/NeoSplice/		
